"quarter","total_sales","total_sold"
"1","433326.010175493227039","2888"
"2","456909.624981153637224","3009"
"3","465799.343954891316343","3060"
"4","463423.598023068277734","2960"
