"category_id","category_name","total_rev"
8,"Beauty","319929.212237303410254"
7,"Home Appliances","300019.126070056284566"
2,"Furniture","299888.669797428708335"
5,"Books","264087.841125712425783"
6,"Sports","183522.773832939259168"
4,"Toys","157235.363894088870825"
3,"Clothing","150321.097353446302997"
1,"Electronics","144454.492823631196412"
