"category_id","total_rev"
8,"86522.746683135780321"
2,"77576.022890079050916"
7,"73810.688628793114414"
5,"66379.086198977322098"
6,"45287.043500191925506"
3,"39710.359804218120026"
1,"37458.893139239526892"
4,"36678.757178433437561"
